NameGender,Name
m,Bill
f,Betty
n,Glizik
m,Ian
m,Brad
m,Austin
m,Mike
m,Charlie
m,Samwise
m,Bayaz
m,Logen
m,Collin
m,Hunter
m,Quinton
n,Beck
m,Peter
m,Carmack
m,Bill
n,Ash
m,Samuel
m,Gorn
m,Gor
m,Baldur
m,Aldur
m,Bruce
m,Luke
m,Ben
n,Lou
n,Morgana
m,Pit
m,Roy
f,Kasie
m,Eldon
m,Eldo
m,Elmer
m,Caleb
m,Joshua
f,Arwin
m,Rando
m,Duck
f,Marie
f,Mary
m,Krusty
m,Homer
m,Rob
m,Robert
m,Bob
m,Bobby
m,Hank
m,Dale
m,Isaac
m,Rocko
m,Dwayne
m,Clip
m,Chip
m,Harry
m,Hawke
m,Andy
f,Andie
m,Dylan
m,Dil
m,Phil
f,Lilly
f,Lillian
f,Lil
n,Annie
m,Albert
m,Al
m,Bert
n,Bark
m,Doof
f,Chel
n,Alex
m,Dorf
m,Doof
m,Ned
m,Ed
m,Edward
m,Daniel
m,Dan
n,Danny
f,Danielle
n,Chris
m,Brando
m,Bump
m,Bumper
m,Kevin
n,Channing
f,Kirstin
n,Jackie
f,Elizabeth
f,Beth
f,Eliza
f,Lizz
f,Lizzy
n,Azure
f,Blanca
f,Ebony
f,Ivory
f,Daisy
f,Daffodil
f,Rose
f,Blanche
f,Rebecca
f,Becca
f,Becky
n,Madison
n,Ashley
m,Rhett
m,Jay
m,Mark
m,Dave
m,David
m,Grohl
m,Hawkin
m,Kurt
m,Foster
f,Florence
m,Laz
m,Lazlo
m,Filburt
m,Smitty
m,Patrick
n,Stump
m,Pete
m,Gerard
m,Gerald
m,Arnold
f,Helga
f,Helgan
f,Lena
m,George
m,Georgie
m,Matthew
m,Matt
n,McKinzey
m,Tyler
f,Chloe
m,Grizz
n,Frizz
n,Frizzle
m,Obtuse
m,Orlog
m,Gordon
m,Waffle
n,Blix
m,Creed
m,Stone
n,River
m,Leif
m,Hop
f,Hope
n,Rabbit
n,Wolf
n,Bear
m,Dion
m,Dino
m,Fred
m,Barney
m,Gazoo
m,Joe Jack
m,Enrique
m,Soos
m,Zach
m,Michael
f,Michelle
f,Michele
m,Walt
m,Walter
m,Saul
m,Cain
m,Abel
n,Lee
f,Amber
f,Janelle
f,Deb
f,Debbie
f,Debra
m,Staab
m,Peyton
m,Beckham
m,Guy
m,Sid
n,Ridley
n,Corn Cobb
n,Moth
n,Nessie
f,Kathleen
n,Butter
n,Blubbs
f,Mocha
m,Toritto
m,Chip
m,Nacho
n,Pig
n,Ham
n,Rye
n,Espresso
m,Dirk
m,Dird
m,Tird
n,Edderkopp
n,Spider
n,Furr
m,Darren
m,Crunch
n,Horse Fly
n,Pepper
m,Shu
f,Bula
f,Girdell
n,Sloan
n,Slone
m,Evan
f,Angie
f,Angela
f,Ann
n,Kim
m,Gary
m,GareBear
m,Larry
m,LareBear
n,Moose
m,Ross
f,Holly
m,Jared 
f,Hilda
f,Sabrina
f,Kelsey
m,Flint
m,Brock
m,Loc
m,Roc
n,The Nameless
m,Chester
m,Chett
f,Jenna
f,Jenn
n,Morgan
n,CowPie
n,Ghidorah
m,Doug
m,Douglass
n,Sparrow
m,SparrowHawk
m,Ged
m,Job
m,Gob
m,Annyong
m,Tobias
n,Potato
n,Tatto
m,Oderous
f,Julie
m,Mort
m,Mortimer
m,Hugo
m,Ronald
m,Ron
m,Gene
f,Louise
f,Tina
f,Clara
f,Carla
f,Jaquline
f,Natalie
n,Romeo
n,Nat
m,Thomas
m,Tommy
m,Tom
m,Levi
n,Leaf
m,Micha
f,Marianna
n,Pep
m,Hoover
m,Hubert
m,Howard
n,Billy
f,Billie
m,Billiam
m,Axol
m,Axel
m,Rocksack
f,Scarlet
f,Luna
f,Celeste
f,Celestial
f,Solstace
m,Oliver
n,Olive
m,Josh
m,Redcorn
m,Octavio
m,Capone
m,Tuba
m,Trombone
n,Tron
n,Light
n,Shadow
m,Hark
n,Fetch
n,Rye
m,Durdan
m,Sabastian
f,Ariel
f,Elsa
f,Tiana
n,Turtle
n,Spoon
n,Spork
m,Porky
n,Pork
m,Lucas
n,Butter Knife
m,Butters
m,Arby
m,Ronald
m,Ron
m,Simeon
m,Simon
n,Sim
n,Cid
f,Sydney
n,Tomato
m,Broly
n,Wick
n,Candlestick
m,Edmund
f,Lucy
f,Susan
n,Sue
f,Susie
m,Aaron
m,Arin
m,Bryce
m,Jacob
m,Jace
m,Haddix
m,Sergent
m,Serge
n,Dyr
m,Finn
m,Luka
m,Teny
f,Ruth
f,Ruthless
m,Tumness
n,Slip
n,Pink
m,Clyde
n,Blinky
m,Flanders
f,Beccah
m,Clayton
m,Jordan
m,Ozzy
n,Oz
f,Darian
m,Charles
m,Mullins
n,Mulburry
n,Woodburry
m,Philip
m,Fry
n,Toad
f,Lynn
f,Lindsey
f,Linda
f,Adriana
f,Roberta
f,Robyn
n,Fish
n,Fisk
n,Echo
m,Murdock
n,Colwell
n,Stevie
n,Holbrook
n,Case
n,Alex
f,Mandi
f,Amanda
n,Taylor
m,Bubby
m,Bub
m,Bub
n,Noodle
m,Dennis
m,Bringus
m,Grimace
f,Alicia
m,Dalton
n,Jamie
f,Alison
f,Amberlee
n,Terrill
f,Amy
f,Amelia
f,Chante
m,Johnson
m,Cole
m,Coleson
m,Andrew
m,Drew
f,Annette
f,Saunooke
n,Cornett
n,Hart
n,Aspen
n,Moo
n,Patty
n,Perry
n,Ison
n,Grender
n,Fender
f,Ava
m,Montgomery
m,Monty
m,Melton
m,Melron
m,Meers
f,Brianna
m,Mann
m,Kidd
m,Stephen
m,Steve
f,Bridget
n,Bridge
m,Bristol
n,Conley
n,Lofton
f,Carolyn
f,Grace
f,Carrie
m,Carter
m,Sickel
f,Catarina
n,Meeks
n,Chad
n,Noble
m,Chance
m,Chandler
m,Wilcox
m,Hambric
m,Logan
f,Charity
f,Cheyenne
f,Chinoso
m,Dudley
f,Christi
f,Claire
f,Ramona
m,Scott
n,Sera
n,Sierra
n,Ultima
n,LemonDrop
f,Claudia
m,Clay
n,Cody
m,Colton
m,Elton
m,John
m,Jon
m,Connor
f,Corrie
m,Cory
m,Bowers
m,Richard
n,Darling
f,Daina
f,Merea
f,Daisha
n,Dakota
n,North
n,Weast
m,Howard
n,Snow
n,Rain
n,Cloud
m,Guz
m,Stinky
m,Slim
n,Davin
f,Delana
m,Denton
f,Deri
f,Destiny
m,Shane
n,Gross
m,Dru
m,Stu
m,Beef Stew
n,BeanPaste
n,Bean
m,Dusty
m,Dustin
n,Edy
n,Eli
n,HoneyComb
n,Bee
n,Glass
n,Sand
n,Sandy
n,Sandburt
n,Egg
m,Noobert
n,Ear
f,Ellora
f,Ellie
m,Emerson
n,Pauley
m,Vinny
f,Snooks
m,McCutcheon
f,Fallon
n,Gabe
n,Gabriel
n,Vance
m,Egan
n,Gator
f,Hazel
m,Graham
m,Grayson
m,Griffin
m,Griffith
m,Greg
m,Craig
f,Hailey
f,Hannah
n,Zeller
f,Heather
n,Razzle
n,Dazzle
m,Sandlin
m,Sanddad
f,Jade
f,Amethyst
n,Jaden
m,Gilbert
n,Roll
m,Jake
n,Wells
f,Janessa
f,Bridgett
f,Lauren
f,Jennifer
f,Jerri
m,Jeronie
m,Bills
f,JoAnna
n,Joy
m,Jody
m,Boyd
n,Lackey
f,Lacy
m,Wampler
f,Justina
f,Justine
f,Kari
n,Karsen
n,Hardwick
m,Keaton
m,Morton
m,Kestin
f,Kiana
m,Kolby
m,Huff
f,Lashe
f,Leah
n,Frantz
n,Sanders
m,Hillburt
f,Melinda
n,Mau
n,Baker
f,Neema
f,Neisha
n,Blair
f,Olivia
m,Paolo
f,Noelle
m,Parker
f,Pauletta
n,Ward
f,Regina
m,Bobo
m,Ryan
f,Bailey
f,Savannah
m,Seth
n,Sith
n,Caith
f,Cassandra
f,Andrea
m,Don
m,Donald
m,Goof
m,Lang
m,Tanton
m,Toby
m,Tony
f,Toni
f,Tyra
n,Wallace
f,Whitney
m,William
m,Will
m,Adam
f,Eve
m,Asher
n,Ashworth
m,Young
m,PilotLight
f,Eevie
f,Evelyn
n,TreeStump
n,Hump
m,Thumper
n,Bambi
n,Barb
n,Thorn
n,IcePick
n,Pickle
n,Cucumber
n,Ball
n,Square
n,Blanket
n,Cellar
m,Gias
f,Gia
m,Apolo
n,Hammer
n,Rake
n,Floorboard
m,Grippo
m,Zippo
m,Olaf
f,Fancy
f,Nan-Nan
m,Chuck
n,Woodchuck
n,Winter
m,Ethan
m,Dragula
n,Zombi
m,Tomero
n,Baby
m,Rocket
f,Medusa
n,Troy
f,Athena
m,Bobert
m,Fabio
m,Pike
m,Kirk
m,Francisco
m,Fettuccine
n,Bloo
m,Wilt
f,Esmerelda
n,Sprinkles
f,Ladybird
n,Lettuce
n,Carrot
n,CarrotCake
m,Rudy
n,Froyo
m,Con Carne
m,Chillie
n,Pinky
n,Bird
n,Goo
m,Oscar
n,Motham
m,Hwyn
m,Pops
m,Pop
m,Elliot
n,Pup
m,Watt
n,Candy
n,Love
n,Hatred
m,Rusty
n,Vampyr
f,Vanessa
m,Shard
m,Chewbub
n,Dumplin
n,Dumpling
f,Mothmam
m,Quake
n,Marvel
m,Cato
f,Rue
n,Bass
n,Ugh
m,Skips
m,Rigby
f,Eilene
m,NomNom
n,Munch
n,Deer
n,Elk
m,Mordacai
m,Paintchip
m,Corvid
n,Raven
n,Crow
n,Pelican
n,Vole
n,Mole
n,Lite
n,Diot Coke
n,Cookie
n,Cook
m,Ludwig
m,Xavier
f,Crystal
m,Jack Jack
m,Jack
n,Cherry
n,Berry
n,Strawberry
n,Yule
m,Krampus
m,Santa
m,Alvin
m,Theodore
m,Splinter
m,Donny
m,Raph
f,April
m,Leo
m,Mikey
m,Corbin
n,Berea
f,Pippa
f,Pipper
m,Tool
m,Reznor
f,Gaga
m,Bach
m,Bowie
m,Ziggy
n,Starlight
n,Moonshine
n,Moonchild
n,Frog
n,Starfire
n,Nern
f,Coral
m,Carl
f,Ursula
f,Pheobe
f,Joyce
n,Tart
n,Muffin
m,Panblabe
n,Pancake
m,Monchmo
m,Satchmo
n,Schmackle
m,Schmackle Moore
m,Marvin
m,Felix
n,Catto
n,Cat
m,Bugs
n,Bug
m,Daffy
f,Lola
m,Yoder
m,Shelder
n,Porg
m,Pete
m,Miles
n,Webb
n,Foggy
n,Itch
n,Squish
n,Manta
n,Korb
f,Clementine
f,Clem
m,Clam
n,Lute
m,Malk
m,Boomer
n,Bloober
n,Blooper
n,Squid
n,Snore
n,Snormagedon
n,Meatball
n,Cypher
n,Nud
m,Cosmo
f,Wanda
m,Dinkleburg
m,Dunk
m,Pesto
n,Popcorn
n,Briar
n,Easehold
n,Capybara
n,Schnauwow
n,Schnauzz
n,Schnauzer
m,Browser
n,Squeak
m,Bolbi
m,Sean
m,Shean
m,Rolf
f,Nazz
m,Jezal
m,Luthar
m,Sand
m,Glokta
m,Bepis
m,Conk
n,Sprit
m,Poobert
m,Poopis
m,Barnelby
m,Chum Chum
n,Glum
n,Flower
n,Bacon
n,Parry
f,Nala
m,Nemo
m,Marlin
m,Marlus
n,Cab
n,Cabbage
n,Lovebird
n,Budgie
n,Donut
m,Hiccough
n,Toothless
n,Gumrot
n,Toeless
n,Bloody Nine
m,Dutchman
n,Bone
n,Trail Mix
m,Deckard
f,Carmen
f,Selena
n,Clover
m,Cartman
n,Cake
n,Carrot
m,Casanova
n,Nova
n,Much
n,Mush
n,Mushroom
n,Shroom
n,IceCicle
n,Doc
n,Dot
m,Wacko
m,Yacko
m,Cave
m,MeatStick
m,Pharoe
m,Fargo
n,Toxin
m,Franklin
n,Armrest
n,Handbag
m,Ratchet
m,Lombax
f,Rivet
f,Kate
f,Laura
n,Palmer
m,Horris Morris
n,Horse
n,Donkey
n,Burrow
n,Alcove
n,Ditch
f,Juno
n,Dragon
n,Chimera
n,Octopus
n,Octo
n,Catfish
n,Dogfish
n,Dopefish
n,Goat
n,Lamb
n,Sheep
n,Porcupine
n,Sloth
n,Molasses
n,Dingo
n,Hyena
n,Python
n,Snake
n,Snek
n,Ogre
f,Kazooie
m,Banjo
f,Tootie
m,Bottles
m,Jamjar
f,Grunty
m,Mumbo
m,Conker
m,James
f,Kameo
m,Albus
m,Sirius
f,Belle
f,Bella
f,Rom
n,Boo
m,Rory
n,Woof
n,Meow
n,Pumpkin
n,Squash
m,Kieran
f,Karmine
f,Cammie
m,Sonny
m,Smaug
m,Deagol
m,Faramir
m,Jerry
m,JareBear
n,BugBear
m,Harry
m,HareBear
m,Klaus
n,Troll
m,Sceptic
n,Duck
n,Goose
n,Swan
n,Goober
n,Breadbug
n,Bulbin
n,Needle
n,Dagger
n,Dodgers
n,Centenial
f,Penelope
f,Penny
n,Penn
n,Soylant
n,Greene
n,Skipper
f,Ginger
f,Marcie
m,Carl
m,Jarl
m,Pusgut
n,Nectarine
n,Raspberry
n,Sol
n,Peach
n,Perky
m,Brick
n,Mop
n,Broom
n,Pan
m,Hermes
n,Banana
n,Soil
n,Fertalizer
n,Hoer
n,Haysi
n,Si
n,Fodder
n,Expendable
n,Self Insert
m,Gaben
m,Sweeny
n,Beanie
n,Hungry
n,Horny
n,Saucy
n,Bossy
n,Mouse
n,Rat
n,Ferret
n,Chinchilla
n,Sludge
n,Grudge
na,Za
n,HugBear
n,Remy
m,Linguine
m,Vyse
m,Alfonso
f,Aika